,device,time,phase,file
0,111,1408.85,A,14
1,111,2347.884,A,24
2,111,5122.767,A,52
3,111,6035.534,A,61
4,111,8838.85,A,89
5,111,9736.734,A,99
6,111,12555.084,A,128
7,127,12726.617,A,129
8,207,12726.617,A,129
9,127,12746.284,A,130
10,207,12746.301,A,130
11,111,13442.1,A,137
12,204,13641.967,B,139
13,204,13738.6,B,140
14,204,15027.801,B,153
15,111,16300.1,A,166
16,111,17190.967,A,175
17,111,20051.784,A,205
18,155,20608.034,B,211
19,157,20611.784,B,211
20,111,20702.85,A,212
21,111,20711.517,A,212
22,111,20716.651,A,212
23,111,20719.867,A,212
24,118,20791.334,B,213
25,149,20791.767,B,213
26,128,20795.651,B,213
27,111,21071.834,A,216
28,156,21358.1,A,219
29,156,21484.884,A,220
30,149,21487.551,B,220
31,152,21520.034,B,220
32,159,21531.95,B,220
33,123,21537.484,B,220
34,129,21547.6,B,220
35,129,21553.084,B,221
36,129,21555.867,B,221
37,129,22824.651,B,234
38,123,22825.551,B,234
39,128,22853.984,B,234
40,128,22859.517,B,234
41,128,22863.167,B,234
42,159,22872.317,B,234
43,152,22888.634,B,234
44,150,23470.767,B,240
45,158,23563.784,A,241
46,111,23926.234,A,245
47,128,24231.884,B,248
48,150,24456.534,B,251
49,158,24480.284,A,251
50,151,24485.834,B,251
51,111,24577.917,A,252
52,111,24585.234,A,252
53,157,24751.634,B,254
54,157,24770.217,B,254
55,152,24776.817,B,254
56,159,24787.134,B,254
57,159,24796.034,B,254
58,156,24866.017,A,255
59,156,24898.35,A,255
60,157,24924.017,B,255
61,152,24926.45,B,256
62,147,24942.401,A,256
63,207,24942.401,A,256
64,111,24959.684,A,256
65,128,25731.017,B,264
66,128,25736.534,B,264
67,128,25740.784,B,264
68,157,25920.184,B,266
69,111,26226.067,A,269
70,111,26234.684,A,269
71,111,27470.234,A,282
72,101,27498.001,B,282
73,102,27498.084,B,282
74,149,27513.667,B,282
75,120,27526.117,B,282
76,140,27529.234,B,282
77,149,27664.95,B,284
78,112,27700.767,B,284
79,111,27747.301,A,285
80,111,27755.95,A,285
81,118,27854.317,B,286
82,140,28262.134,B,290
83,151,28296.1,B,290
84,140,28373.617,B,291
85,147,28420.551,A,292
86,207,28420.551,A,292
87,111,28514.45,A,293
88,111,28651.867,A,294
89,111,28658.584,A,294
90,111,29094.95,A,299
91,111,29114.384,A,299
92,111,29169.284,A,299
93,111,29173.867,A,299
94,111,29474.834,A,303
95,111,29482.267,A,303
96,111,29829.2,A,306
97,111,29833.6,A,306
98,111,29849.017,A,306
99,111,29857.251,A,307
100,111,30023.184,A,308
101,111,30036.517,A,308
102,111,30135.417,A,309
103,111,30139.234,A,309
104,111,30149.001,A,310
105,111,30172.634,A,310
106,111,30175.95,A,310
107,111,30210.567,A,310
108,111,30213.917,A,310
109,111,30222.45,A,310
110,111,30225.084,A,310
111,152,30327.567,B,311
112,159,30342.017,B,312
113,123,30355.051,B,312
114,129,30365.184,B,312
115,111,31336.017,A,322
116,129,33341.184,B,343
117,123,33341.717,B,343
118,159,33351.784,B,343
119,152,33362.384,B,343
120,155,33410.85,B,344
121,157,33411.217,B,344
122,149,33435.367,B,344
123,156,33438.034,A,344
124,156,33479.45,A,344
125,140,33486.284,B,344
126,152,33913.884,B,349
127,159,33924.901,B,349
128,159,33934.35,B,349
129,112,33958.617,B,349
130,111,34049.667,A,350
131,159,34054.084,B,350
132,135,34086.734,B,351
133,135,34125.617,B,351
134,159,34155.167,B,351
135,152,34172.001,B,351
136,204,34487.051,B,355
137,111,34976.051,A,360
138,204,35178.417,B,362
139,204,36237.334,B,373
140,155,36344.267,B,374
141,111,36369.551,A,374
142,111,36375.017,A,374
143,128,36431.984,B,375
144,158,36526.151,A,376
145,159,37084.1,B,381
146,123,37089.6,B,382
147,129,37099.734,B,382
148,111,37463.051,A,385
149,111,38398.334,A,395
150,128,38470.417,B,396
151,128,38475.95,B,396
152,128,38479.6,B,396
153,156,38493.767,A,396
154,158,38509.984,A,396
155,140,39088.117,B,402
156,140,39097.934,B,402
157,140,39199.384,B,403
158,156,39619.117,A,408
159,140,39630.401,B,408
160,140,40367.251,B,416
161,140,40377.051,B,416
162,209,40434.417,B,416
163,209,40451.35,B,416
164,140,40478.767,B,417
165,155,40574.867,B,418
166,118,40591.117,B,418
167,140,40602.034,B,418
168,102,40730.35,B,419
169,101,40730.367,B,419
170,111,41063.45,A,423
171,111,41984.2,A,432
172,111,44703.151,A,461
173,111,45583.367,A,470
174,101,47836.484,B,493
175,102,47836.501,B,493
176,129,47867.651,B,493
177,123,47868.217,B,493
178,159,47918.167,B,494
179,152,47936.901,B,494
180,102,47961.801,B,494
181,101,47961.817,B,494
182,111,48324.534,A,498
183,111,49205.584,A,507
184,101,50502.967,B,521
185,102,50502.984,B,521
186,155,50518.767,B,521
187,111,50524.784,A,521
188,111,50528.834,A,521
189,111,50545.317,A,521
190,111,50547.834,A,521
191,155,50577.084,B,521
192,157,50578.484,B,521
193,157,50589.517,B,521
194,102,50620.584,B,522
195,101,50620.6,B,522
196,204,50922.134,B,525
197,111,51837.434,A,534
198,111,52723.401,A,543
199,131,53871.051,B,555
200,131,53878.751,B,555
201,131,53879.284,B,555
202,131,53880.634,B,555
203,131,53882.35,B,555
204,131,53885.684,B,556
205,131,53887.334,B,556
206,131,53890.634,B,556
207,131,53892.017,B,556
208,131,53894.651,B,556
209,131,53896.617,B,556
210,131,53899.717,B,556
211,131,53901.45,B,556
212,131,53903.651,B,556
213,131,53905.884,B,556
214,131,53908.584,B,556
215,131,53910.501,B,556
216,131,53912.417,B,556
217,131,53914.784,B,556
218,131,53917.217,B,556
219,131,53919.251,B,556
220,131,53921.051,B,556
221,131,53923.667,B,556
222,131,53926.067,B,556
223,131,53928.167,B,556
224,131,53929.867,B,556
225,131,53932.584,B,556
226,131,53934.901,B,556
227,131,53937.067,B,556
228,131,53938.734,B,556
229,131,53941.617,B,556
230,131,53943.85,B,556
231,131,53946.1,B,556
232,131,53947.7,B,556
233,131,53950.634,B,556
234,131,53952.801,B,556
235,131,53955.134,B,556
236,131,53956.684,B,556
237,131,53959.7,B,556
238,131,53960.184,B,556
239,131,54011.784,B,557
240,131,54014.151,B,557
241,131,54050.984,B,557
242,131,54053.367,B,557
243,102,54078.867,B,558
244,101,54078.884,B,558
245,131,54088.051,B,558
246,131,54090.417,B,558
247,157,54092.134,B,558
248,131,54124.884,B,558
249,131,54127.217,B,558
250,131,54161.917,B,558
251,131,54164.284,B,558
252,131,54199.134,B,559
253,131,54201.467,B,559
254,131,54236.284,B,559
255,131,54238.617,B,559
256,140,54608.684,B,563
257,140,54618.467,B,563
258,140,54720.217,B,564
259,157,54769.534,B,565
260,157,54997.651,B,567
261,155,55230.467,B,569
262,111,55451.417,A,572
263,156,55682.817,A,574
264,156,55814.217,A,575
265,140,55838.2,B,576
266,111,56316.634,A,581
267,155,56414.384,B,582
268,157,56430.617,B,582
269,101,56483.751,B,582
270,102,56483.751,B,582
271,111,59065.084,A,609
272,111,59946.684,A,618
273,131,61763.134,B,637
274,131,61770.734,B,637
275,131,61771.217,B,637
276,131,61772.584,B,637
277,131,61774.301,B,637
278,131,61777.551,B,637
279,131,61779.251,B,637
280,131,61782.501,B,637
281,131,61783.85,B,637
282,131,61786.251,B,637
283,131,61788.151,B,637
284,131,61790.967,B,637
285,131,61792.584,B,637
286,131,61794.817,B,637
287,131,61797.134,B,637
288,131,61799.7,B,637
289,131,61801.45,B,637
290,131,61803.501,B,637
291,131,61806.084,B,637
292,131,61808.567,B,637
293,131,61810.501,B,637
294,131,61812.417,B,637
295,131,61815.167,B,637
296,131,61817.517,B,638
297,131,61819.6,B,638
298,131,61821.367,B,638
299,131,61824.234,B,638
300,131,61826.467,B,638
301,131,61828.7,B,638
302,131,61830.384,B,638
303,131,61833.35,B,638
304,131,61835.517,B,638
305,131,61837.767,B,638
306,131,61839.35,B,638
307,131,61842.301,B,638
308,131,61842.817,B,638
309,131,61892.617,B,638
310,131,61895.034,B,638
311,131,61931.901,B,639
312,131,61934.284,B,639
313,131,61969.167,B,639
314,131,61971.534,B,639
315,131,62006.251,B,639
316,131,62008.634,B,639
317,131,62043.667,B,640
318,131,62046.034,B,640
319,131,62081.301,B,640
320,131,62083.684,B,640
321,131,62119.317,B,641
322,131,62121.684,B,641
323,111,62685.367,A,646
324,204,62776.2,B,647
325,156,63351.967,A,653
326,156,63398.617,A,654
327,140,63439.634,B,654
328,140,63449.384,B,654
329,149,63464.234,B,655
330,140,63551.234,B,655
331,111,63558.367,A,656
332,204,65120.1,B,672
333,111,66319.034,A,684
334,111,67189.534,A,693
335,111,69953.417,A,722
336,156,70284.817,A,725
337,156,70382.884,A,726
338,149,70385.934,B,726
339,118,70409.117,B,726
340,128,70409.551,B,726
341,111,70822.184,A,731
342,127,71824.034,A,741
343,207,71824.034,A,741
344,207,71842.801,A,741
345,127,71842.817,A,741
346,111,73612.434,A,759
347,111,74484.251,A,768
348,155,74695.967,B,771
349,108,74720.134,A,771
350,108,74860.2,A,772
351,128,74974.117,B,774
352,156,75432.001,A,778
353,128,75508.6,B,779
354,150,75533.584,B,779
355,1001,75637.034,A,780
356,1002,76311.467,A,787
357,132,76555.367,A,790
358,132,76701.551,A,791
359,1003,76720.217,A,792
360,1004,76739.567,A,792
361,156,76739.784,A,792
362,150,76807.384,B,793
363,149,76871.167,B,793
364,111,77035.684,A,795
365,111,77041.85,A,795
366,111,77144.217,A,796
367,111,77155.734,A,796
368,111,77157.901,A,796
369,155,77216.734,B,797
370,120,77857.501,B,803
371,120,77887.167,B,804
372,111,78137.934,A,806
373,128,78338.967,B,808
374,204,79466.017,B,820
375,120,79881.067,B,824
376,140,79884.1,B,824
377,112,79975.134,B,825
378,156,80371.417,A,829
379,111,80927.417,A,835
380,140,81156.317,B,837
381,140,81165.884,B,838
382,156,81233.567,A,838
383,140,81267.567,B,839
384,140,81343.384,B,839
385,120,81469.734,B,841
386,140,81469.751,B,841
387,140,81478.167,B,841
388,112,81561.034,B,842
389,140,81579.617,B,842
390,103,81601.167,B,842
391,103,81614.051,B,842
392,103,81670.867,B,843
393,103,81683.334,B,843
394,111,81826.617,A,844
395,103,81951.95,B,846
396,118,82322.017,B,849
397,111,84632.934,A,873
398,111,85517.001,A,882
399,111,88403.6,A,912
400,111,89289.35,A,921
401,111,92125.084,A,951
402,111,93001.251,A,960
403,111,95872.484,A,989
404,111,96731.967,A,998
405,111,99622.901,A,1028
406,111,100483.084,A,1037
407,204,101520.367,B,1048
408,111,103390.2,A,1068
409,111,104225.817,A,1077
410,118,105589.934,B,1091
411,149,105589.934,B,1091
412,128,105596.467,B,1091
413,149,107038.184,B,1106
414,156,107064.517,A,1107
415,156,107127.584,A,1107
416,111,107137.834,A,1108
417,155,107167.7,B,1108
418,111,107175.834,A,1108
419,111,107180.034,A,1108
420,152,107184.667,B,1108
421,1005,107195.834,B,1108
422,123,107225.984,B,1108
423,129,107236.1,B,1109
424,111,108009.551,A,1117
425,128,108532.917,B,1122
426,118,110660.2,B,1145
427,111,110833.784,A,1147
428,111,111708.917,A,1156
429,129,113659.534,B,1177
430,123,113660.067,B,1177
431,1006,113676.6,B,1177
432,152,113689.017,B,1177
433,157,113693.017,B,1177
434,151,113712.967,B,1178
435,149,113718.484,B,1178
436,128,113732.401,B,1178
437,118,113732.417,B,1178
438,111,114508.517,A,1186
439,111,115398.034,A,1195
440,149,115677.884,B,1198
441,156,115679.817,A,1198
442,156,115808.934,A,1200
443,101,115821.767,B,1200
444,102,115821.767,B,1200
445,209,116060.017,B,1202
446,209,116061.417,B,1202
447,128,117092.7,B,1213
448,111,118008.95,A,1223
449,111,118015.017,A,1223
450,111,118042.617,A,1223
451,111,118047.034,A,1223
452,111,118072.234,A,1224
453,111,118112.967,A,1224
454,111,118116.417,A,1224
455,111,118169.617,A,1225
456,111,118174.367,A,1225
457,152,118238.917,B,1225
458,159,118250.534,B,1226
459,111,118275.534,A,1226
460,111,118278.467,A,1226
461,123,118302.651,B,1226
462,129,118312.784,B,1226
463,118,119210.467,B,1236
464,111,119222.834,A,1236
465,204,119500.017,B,1239
466,111,121868.917,A,1264
467,111,122807.867,A,1274
468,209,124324.584,B,1290
469,209,124331.417,B,1290
470,156,125089.134,A,1298
471,156,125172.467,A,1299
472,151,125176.6,B,1299
473,155,125246.467,B,1300
474,157,125291.067,B,1300
475,111,125450.1,A,1302
476,1007,125872.667,A,1307
477,1008,125907.717,A,1307
478,129,125974.2,B,1308
479,123,125974.667,B,1308
480,159,126137.1,B,1309
481,152,126157.35,B,1310
482,101,126199.784,B,1310
483,102,126199.784,B,1310
484,151,126204.584,B,1310
485,149,126230.001,B,1310
486,111,126324.751,A,1311
487,149,127508.45,B,1324
488,151,128089.584,B,1330
489,101,128090.467,B,1330
490,102,128090.467,B,1330
491,155,128110.367,B,1330
492,111,128123.651,A,1330
493,111,128127.917,A,1330
494,111,128130.117,A,1330
495,111,128133.301,A,1330
496,111,128142.551,A,1331
497,111,128145.1,A,1331
498,111,128152.717,A,1331
499,111,128155.034,A,1331
500,155,128194.484,B,1331
501,152,128199.2,B,1331
502,159,128210.017,B,1331
503,123,128238.334,B,1332
504,129,128248.467,B,1332
505,111,128720.684,A,1337
506,111,129609.801,A,1346
507,129,131517.067,B,1366
508,123,131517.551,B,1366
509,159,131524.317,B,1366
510,152,131534.017,B,1366
511,101,131555.651,B,1367
512,102,131555.651,B,1367
513,156,131585.767,A,1367
514,156,131660.934,A,1368
515,127,131759.117,A,1369
516,207,131759.117,A,1369
517,207,131777.534,A,1369
518,127,131777.551,A,1369
519,111,132263.017,A,1374
520,111,133144.551,A,1383
521,111,135876.534,A,1412
522,111,136736.301,A,1421
523,111,139493.35,A,1451
524,111,140344.917,A,1460
525,111,143124.6,A,1489
526,111,143965.617,A,1498
527,111,146777.084,A,1528
528,111,147612.2,A,1536
529,111,150464.367,A,1566
530,111,151264.334,A,1575
531,204,151649.284,B,1579
532,204,151759.95,B,1580
533,204,151911.367,B,1582
534,111,154107.267,A,1605
535,111,154938.484,A,1614
536,111,157810.184,A,1644
537,111,158654.567,A,1653
538,118,159530.35,B,1662
539,128,159530.35,B,1662
540,152,160083.984,B,1668
541,1009,160096.734,B,1668
542,1010,160107.167,B,1668
543,152,160119.151,B,1668
544,128,161381.667,B,1682
545,111,161494.867,A,1683
546,111,162357.501,A,1692
547,118,163420.151,B,1703
548,155,164772.484,B,1718
549,111,164822.967,A,1718
550,111,164826.567,A,1718
551,111,165119.634,A,1721
552,211,165158.001,B,1722
553,211,165259.617,B,1723
554,211,165585.2,B,1726
555,211,165689.417,B,1727
556,211,165740.667,B,1728
557,211,165825.617,B,1729
558,211,165875.217,B,1729
559,211,165972.35,B,1730
560,111,166006.7,A,1731
561,211,166019.7,B,1731
562,211,166118.051,B,1732
563,211,166166.717,B,1732
564,211,166270.251,B,1733
565,211,166318.584,B,1734
566,211,166421.784,B,1735
567,211,166469.2,B,1736
568,211,166575.1,B,1737
569,211,166621.067,B,1737
570,211,166727.984,B,1738
571,211,166775.267,B,1739
572,211,166877.084,B,1740
573,211,166883.284,B,1740
574,111,168725.751,A,1759
575,155,168761.284,B,1760
576,211,168765.167,B,1760
577,103,168822.367,B,1760
578,103,168835.217,B,1761
579,103,168932.434,B,1762
580,103,168944.901,B,1762
581,103,169213.517,B,1765
582,111,169672.717,A,1769
583,155,170029.717,B,1773
584,112,170038.434,B,1773
585,211,170057.034,B,1774
586,120,170057.084,B,1774
587,140,170064.95,B,1774
588,211,170615.917,B,1779
589,211,170666.267,B,1780
590,140,170679.551,B,1780
591,140,170689.35,B,1780
592,211,170729.6,B,1781
593,209,170761.534,B,1781
594,211,170786.534,B,1781
595,140,170794.35,B,1781
596,209,170806.234,B,1781
597,211,170846.634,B,1782
598,211,170867.534,B,1782
599,149,170937.934,B,1783
600,118,170940.417,B,1783
601,128,170944.334,B,1783
602,140,170986.35,B,1783
603,211,171071.967,B,1784
604,211,171117.784,B,1785
605,211,171196.467,B,1786
606,211,171244.484,B,1786
607,211,171317.7,B,1787
608,211,171370.634,B,1787
609,211,171441.801,B,1788
610,211,171498.034,B,1789
611,211,171568.917,B,1790
612,211,171623.151,B,1790
613,211,171690.367,B,1791
614,211,171749.85,B,1792
615,211,171817.467,B,1792
616,211,171875.017,B,1793
617,211,171943.217,B,1794
618,211,172003.317,B,1794
619,211,172068.734,B,1795
620,211,172130.151,B,1796
621,211,172197.117,B,1796
622,211,172257.484,B,1797
623,1200,172293.301,A,1797
624,1201,172296.401,A,1797
625,156,172296.6,A,1797
626,111,172300.084,A,1797
627,211,172318.584,B,1798
628,211,172379.984,B,1798
629,156,172409.984,A,1799
630,211,172442.434,B,1799
631,211,172503.2,B,1800
632,211,172564.301,B,1800
633,211,172622.417,B,1801
634,211,172684.801,B,1801
635,211,172747.901,B,1802
636,211,172809.584,B,1803
637,211,172873.35,B,1803
638,211,172936.7,B,1804
639,211,172999.034,B,1805
640,211,173060.834,B,1805
641,211,173123.501,B,1806
642,211,173187.517,B,1807
643,211,173248.95,B,1807
644,211,173312.017,B,1808
645,211,173377.334,B,1809
646,211,173437.784,B,1809
647,211,173501.217,B,1810
648,211,173561.917,B,1811
649,211,173626.617,B,1811
650,211,173690.35,B,1812
651,211,173759.284,B,1813
652,211,173821.667,B,1814
653,111,173863.367,A,1814
654,211,173886.984,B,1814
655,211,173964.751,B,1815
656,211,174036.6,B,1816
657,211,174093.384,B,1816
658,211,174160.117,B,1817
659,111,174162.717,A,1817
660,211,174219.2,B,1818
661,211,174268.901,B,1818
662,211,174337.817,B,1819
663,152,174358.567,B,1819
664,210,174394.901,B,1820
665,210,174408.301,B,1820
666,211,174417.534,B,1820
667,211,174475.034,B,1820
668,211,174541.634,B,1821
669,210,174572.084,B,1821
670,210,174576.067,B,1822
671,211,174600.434,B,1822
672,210,174612.584,B,1822
673,210,174633.1,B,1822
674,210,174635.151,B,1822
675,211,174669.084,B,1823
676,210,174696.184,B,1823
677,210,174713.067,B,1823
678,103,174725.434,B,1823
679,207,174725.434,A,1823
680,211,174731.067,B,1823
681,210,174755.317,B,1823
682,211,174800.984,B,1824
683,140,174818.767,B,1824
684,140,174828.534,B,1824
685,211,174860.801,B,1825
686,211,174927.117,B,1825
687,140,174930.6,B,1825
688,211,174988.2,B,1826
689,211,175057.834,B,1827
690,211,175118.484,B,1827
691,210,175175.1,B,1828
692,211,175185.801,B,1828
693,211,175244.6,B,1829
694,211,175311.95,B,1829
695,210,175352.334,B,1830
696,210,175356.2,B,1830
697,211,175371.067,B,1830
698,210,175395.884,B,1830
699,211,175438.367,B,1831
700,210,175472.434,B,1831
701,211,175498.517,B,1831
702,210,175535.217,B,1832
703,103,175537.117,B,1832
704,207,175537.117,A,1832
705,210,175555.217,B,1832
706,211,175570.717,B,1832
707,1011,175575.384,A,1832
708,1012,175615.234,A,1833
709,211,175629.517,B,1833
710,211,175639.634,B,1833
711,211,175661.817,B,1833
712,128,175673.784,B,1833
713,211,175695.834,B,1834
714,204,175710.217,B,1834
715,210,175712.35,B,1834
716,210,175716.384,B,1834
717,210,175751.801,B,1834
718,210,175772.467,B,1834
719,211,175820.617,B,1835
720,210,175835.301,B,1835
721,210,175852.984,B,1835
722,210,175895.7,B,1836
723,211,175942.151,B,1836
724,210,175956.401,B,1836
725,211,175992.134,B,1837
726,211,176066.901,B,1837
727,210,176072.6,B,1838
728,210,176076.217,B,1838
729,210,176112.934,B,1838
730,211,176122.1,B,1838
731,211,176140.684,B,1838
732,1013,176160.534,A,1838
733,211,176181.901,B,1839
734,210,176194.084,B,1839
735,210,176196.234,B,1839
736,156,176243.317,A,1839
737,1014,176248.401,A,1839
738,210,176268.6,B,1840
739,211,176269.767,B,1840
740,211,176324.284,B,1840
741,211,176400.417,B,1841
742,211,176456.301,B,1842
743,211,176532.751,B,1842
744,128,176536.967,B,1842
745,211,176590.901,B,1843
746,211,176661.134,B,1844
747,211,176715.317,B,1844
748,140,176736.217,B,1845
749,140,176745.85,B,1845
750,211,176787.251,B,1845
751,211,176843.134,B,1846
752,140,176847.501,B,1846
753,156,176905.334,A,1846
754,211,176914.984,B,1846
755,211,176969.234,B,1847
756,140,177003.934,B,1847
757,211,177040.051,B,1848
758,211,177094.917,B,1848
759,150,177111.501,B,1849
760,211,177168.117,B,1849
761,211,177224.7,B,1850
762,150,177240.867,B,1850
763,211,177298.501,B,1851
764,149,177316.301,B,1851
765,211,177355.001,B,1851
766,112,177413.234,B,1852
767,152,177426.284,B,1852
768,155,177469.384,B,1852
769,111,177721.217,A,1855
770,140,177912.117,B,1857
771,140,177921.901,B,1857
772,140,178023.684,B,1858
773,128,178773.917,B,1866
774,111,179627.551,A,1875
775,111,180877.901,A,1888
776,118,180897.067,B,1889
777,155,182421.217,B,1905
778,211,182428.901,B,1905
779,118,182528.45,B,1906
780,128,182532.317,B,1906
781,211,182728.317,B,1908
782,211,182730.667,B,1908
783,111,182993.617,A,1911
784,211,183433.6,B,1915
785,152,183467.617,B,1916
786,123,183486.734,B,1916
787,129,183496.85,B,1916
788,211,183500.117,B,1916
789,211,183544.234,B,1917
790,211,183607.934,B,1917
791,211,183662.551,B,1918
792,211,183720.334,B,1918
793,211,183776.251,B,1919
794,211,183829.834,B,1920
795,211,183886.917,B,1920
796,211,183942.534,B,1921
797,211,183999.35,B,1921
798,211,184055.534,B,1922
799,111,184057.317,A,1922
800,211,184110.417,B,1923
801,128,184160.684,B,1923
802,211,184168.251,B,1923
803,211,184225.051,B,1924
804,211,184284.884,B,1924
805,211,184340.784,B,1925
806,211,184398.284,B,1926
807,211,184453.501,B,1926
808,211,184514.934,B,1927
809,211,184570.784,B,1927
810,211,184632.134,B,1928
811,211,184685.051,B,1929
812,211,184745.251,B,1929
813,211,184798.45,B,1930
814,211,184862.867,B,1931
815,211,184917.751,B,1931
816,211,184981.767,B,1932
817,211,185035.317,B,1932
818,211,185150.301,B,1934
819,211,185214.334,B,1934
820,211,185267.217,B,1935
821,211,185333.251,B,1936
822,211,185385.151,B,1936
823,211,185449.184,B,1937
824,211,185499.501,B,1937
825,211,185565.534,B,1938
826,211,185617.434,B,1939
827,211,185683.134,B,1939
828,211,185733.167,B,1940
829,211,185799.484,B,1941
830,211,185845.267,B,1941
831,111,186249.6,A,1945
832,118,186281.517,B,1946
833,155,186976.651,B,1953
834,140,187053.617,B,1954
835,111,187266.584,A,1956
836,140,187614.384,B,1960
837,140,187624.067,B,1960
838,140,187725.417,B,1961
839,111,189469.017,A,1979
840,111,190457.784,A,1990
841,129,190816.484,B,1994
842,123,190816.984,B,1994
843,152,190854.617,B,1994
844,155,190858.567,B,1994
845,1015,191623.367,A,2002
846,1016,191669.534,A,2003
847,111,192709.867,A,2014
848,152,193223.617,B,2019
849,111,193650.134,A,2024
850,112,194425.134,B,2032
851,118,194452.501,B,2032
852,128,194456.401,B,2032
853,157,195069.817,B,2039
854,111,195818.751,A,2046
855,111,195842.534,A,2047
856,111,195880.467,A,2047
857,127,196150.7,A,2050
858,207,196150.7,A,2050
859,127,196169.567,A,2050
860,207,196169.584,A,2050
861,128,196349.417,B,2052
862,209,196352.151,B,2052
863,209,196362.784,B,2052
864,209,196429.001,B,2053
865,209,196431.551,B,2053
866,209,196619.567,B,2055
867,209,196620.934,B,2055
868,209,196647.801,B,2055
869,209,196650.417,B,2055
870,209,196685.034,B,2056
871,209,196688.684,B,2056
872,111,196899.484,A,2058
873,111,196905.084,A,2058
874,111,196909.984,A,2058
875,101,197804.6,B,2067
876,102,197804.6,B,2067
877,151,197817.534,B,2068
878,149,197822.034,B,2068
879,128,197833.134,B,2068
880,150,198429.667,B,2074
881,156,198459.467,A,2074
882,1017,198523.35,A,2075
883,111,198989.167,A,2080
884,1018,199219.134,A,2082
885,156,199224.734,A,2083
886,149,199390.467,B,2084
887,150,199395.817,B,2084
888,111,199928.301,A,2090
889,111,200145.251,A,2092
890,111,200150.934,A,2092
891,149,200238.984,B,2093
892,120,200255.184,B,2093
893,140,200260.784,B,2093
894,211,200609.334,B,2097
895,211,200790.584,B,2099
896,211,200792.384,B,2099
897,111,200915.834,A,2100
898,111,200924.001,A,2101
899,211,201090.367,B,2102
900,111,201174.967,A,2103
901,111,201192.784,A,2103
902,211,201204.684,B,2104
903,211,201206.417,B,2104
904,211,201217.434,B,2104
905,211,201234.584,B,2104
906,211,201236.1,B,2104
907,211,201247.434,B,2104
908,211,201249.6,B,2104
909,211,201250.334,B,2104
910,211,201259.434,B,2104
911,211,201279.6,B,2104
912,211,201281.134,B,2104
913,211,201289.45,B,2104
914,211,201294.6,B,2105
915,211,201295.751,B,2105
916,211,201298.45,B,2105
917,211,201324.617,B,2105
918,211,201326.217,B,2105
919,211,201328.45,B,2105
920,211,201343.467,B,2105
921,211,201387.067,B,2106
922,211,201440.45,B,2106
923,211,201494.35,B,2107
924,211,201552.134,B,2107
925,211,201602.167,B,2108
926,111,201637.084,A,2108
927,211,201662.284,B,2108
928,211,201711.584,B,2109
929,211,201757.734,B,2109
930,211,201806.034,B,2110
931,111,201813.317,A,2110
932,111,201827.051,A,2110
933,111,201828.051,A,2110
934,111,201844.417,A,2110
935,211,201867.467,B,2111
936,111,201868.6,A,2111
937,111,201871.517,A,2111
938,211,201943.301,B,2111
939,156,201990.45,A,2112
940,211,202022.7,B,2112
941,156,202042.067,A,2112
942,211,202067.767,B,2113
943,211,202138.667,B,2113
944,211,202266.417,B,2115
945,1027,202329.401,B,2116
946,211,202400.617,B,2116
947,211,202441.517,B,2117
948,211,202530.401,B,2118
949,140,202563.551,B,2118
950,140,202573.234,B,2118
951,211,202591.401,B,2118
952,211,202665.651,B,2119
953,140,202674.717,B,2119
954,211,202746.95,B,2120
955,1028,202855.267,B,2121
956,111,202903.284,A,2122
957,111,202907.6,A,2122
958,111,203601.584,A,2129
959,128,203628.634,B,2129
960,111,203758.484,A,2131
961,111,203763.2,A,2131
962,209,203794.234,B,2131
963,209,203815.434,B,2131
964,140,203846.417,B,2132
965,211,203919.234,B,2132
966,128,204222.634,B,2136
967,1029,204340.184,B,2137
968,1019,204724.901,A,2141
969,1020,204736.6,A,2141
970,140,204823.267,B,2142
971,140,204833.001,B,2142
972,140,204934.567,B,2143
973,111,205464.517,A,2149
974,149,205587.617,B,2150
975,156,205589.501,A,2150
976,1021,205594.051,A,2150
977,1030,205670.117,B,2151
978,1022,205704.867,A,2151
979,156,205712.051,A,2151
980,149,205757.384,B,2152
981,1031,205805.301,B,2152
982,1032,205816.684,B,2153
983,152,205829.567,B,2153
984,147,205860.717,A,2153
985,207,205860.717,A,2153
986,204,205863.051,B,2153
987,152,205967.184,B,2154
988,1033,205976.217,B,2154
989,1034,206091.234,B,2156
990,156,206201.284,A,2157
991,156,206334.067,A,2158
992,1035,206373.001,B,2158
993,1036,206466.584,B,2159
994,150,206496.251,B,2160
995,1037,206601.434,B,2161
996,111,206621.434,A,2161
997,150,206906.501,B,2164
998,149,206985.917,B,2165
999,156,206987.1,A,2165
1000,128,207144.534,B,2167
1001,156,207173.95,A,2167
1002,151,207192.867,B,2167
1003,1023,207474.501,A,2170
1004,1024,207515.301,A,2171
1005,149,207817.167,B,2174
1006,149,207864.417,B,2174
1007,156,207902.567,A,2175
1008,156,207922.934,A,2175
1009,155,207990.684,B,2176
1010,1025,208377.667,A,2180
1011,111,208695.184,A,2183
1012,1026,208868.784,A,2185
1013,1038,208997.584,B,2186
1014,152,209017.084,B,2187
1015,155,209018.551,B,2187
1016,155,209029.051,B,2187
1017,157,209031.017,B,2187
1018,151,209042.467,B,2187
1019,149,209046.534,B,2187
1020,155,209165.084,B,2188
1021,155,209182.401,B,2188
1022,156,209207.751,A,2189
1023,156,209232.584,A,2189
1024,140,209240.917,B,2189
1025,204,209627.384,B,2193
1026,111,209742.484,A,2194
1027,156,210016.501,A,2197
1028,156,210040.667,A,2197
1029,118,210512.334,B,2202
1030,111,211916.517,A,2217
1031,111,212884.001,A,2227
1032,156,212895.901,A,2228
1033,156,212918.667,A,2228
1034,155,212954.834,B,2228
1035,155,212988.6,B,2229
1036,1043,212992.367,B,2229
1037,1044,213003.184,B,2229
1038,1045,213139.867,B,2230
1039,1046,213152.984,B,2230
1040,1047,213898.984,B,2238
1041,1048,213907.85,B,2238
1042,1039,214149.751,A,2241
1043,1040,214159.617,A,2241
1044,140,214471.417,B,2244
1045,140,214481.2,B,2244
1046,1049,214546.517,B,2245
1047,1041,214558.1,A,2245
1048,140,214582.867,B,2245
1049,1042,214583.334,A,2245
1050,1050,214588.434,B,2245
1051,1051,214596.934,B,2246
1052,1052,214609.634,B,2246
1053,140,214638.667,B,2246
1054,111,215153.151,A,2251
1055,111,216084.184,A,2261
1056,111,218471.7,A,2286
1057,111,219358.767,A,2296
1058,152,219815.434,B,2301
1059,1057,219826.217,B,2301
1060,1058,220093.267,B,2304
1061,1059,220147.001,B,2304
1062,1060,220242.401,B,2305
1063,1061,220261.267,B,2305
1064,1062,220297.067,B,2306
1065,140,220367.667,B,2307
1066,140,220377.434,B,2307
1067,1063,220439.567,B,2307
1068,140,220478.834,B,2308
1069,1064,220542.184,B,2308
1070,1065,220556.151,B,2309
1071,1066,220571.134,B,2309
1072,1067,220599.584,B,2309
1073,1068,220669.184,B,2310
1074,1069,220682.2,B,2310
1075,1070,220703.917,B,2310
1076,1071,221155.067,B,2315
1077,1072,221190.651,B,2315
1078,1073,221201.7,B,2315
1079,1074,221208.667,B,2315
1080,1075,221223.267,B,2316
1081,1076,221253.35,B,2316
1082,1077,221261.734,B,2316
1083,1078,221271.634,B,2316
1084,152,221293.567,B,2316
1085,140,221349.7,B,2317
1086,157,221503.917,B,2319
1087,157,221545.684,B,2319
1088,111,221794.217,A,2322
1089,147,222431.634,A,2328
1090,207,222431.634,A,2328
1091,101,222467.384,B,2329
1092,102,222467.384,B,2329
1093,111,222651.534,A,2331
1094,111,225198.684,A,2358
1095,111,226040.551,A,2367
1096,140,226180.934,B,2368
1097,140,226187.967,B,2368
1098,149,226214.517,B,2368
1099,157,226232.567,B,2369
1100,152,226240.767,B,2369
1101,1079,226251.017,B,2369
1102,140,226320.934,B,2369
1103,1053,226337.067,A,2370
1104,1054,226350.117,A,2370
1105,1080,226770.117,B,2374
1106,152,226786.117,B,2374
1107,157,226790.301,B,2374
1108,156,226820.084,A,2375
1109,1055,226820.1,A,2375
1110,1056,226885.367,A,2375
1111,156,226936.034,A,2376
1112,151,226948.417,B,2376
1113,111,228608.751,A,2394
1114,111,229436.501,A,2402
1115,111,232115.834,A,2431
1116,111,232933.084,A,2439
1117,111,235662.767,A,2468
1118,111,236472.067,A,2477
1119,204,238059.467,B,2493
1120,204,238159.467,B,2495
1121,204,238320.1,B,2496
1122,111,239242.151,A,2506
1123,111,240030.45,A,2514
1124,120,240644.234,B,2521
1125,120,240674.184,B,2521
1126,111,242807.95,A,2544
1127,111,243614.051,A,2552
1128,118,246224.401,B,2580
1129,128,246228.401,B,2580
1130,111,246389.917,A,2582
1131,155,246909.034,B,2587
1132,108,246930.267,A,2587
1133,108,247051.751,A,2589
1134,155,247074.251,B,2589
1135,152,247075.817,B,2589
1136,159,247091.35,B,2589
1137,123,247099.167,B,2589
1138,129,247109.284,B,2589
1139,111,247197.651,A,2590
1140,120,247872.7,B,2597
1141,120,247902.117,B,2598
1142,128,248383.017,B,2603
1143,111,249921.934,A,2619
1144,118,250502.551,B,2625
1145,111,250743.784,A,2628
1146,127,252370.184,A,2645
1147,207,252370.184,A,2645
1148,207,252388.95,A,2645
1149,127,252388.967,A,2645
1150,1083,253202.501,B,2654
1151,1084,253215.301,B,2654
1152,111,253441.001,A,2656
1153,148,253545.917,A,2657
1154,148,253674.467,A,2659
1155,103,253736.667,B,2659
1156,103,253749.484,B,2660
1157,103,253779.534,B,2660
1158,103,253792.034,B,2660
1159,1081,253853.934,A,2661
1160,1082,253900.384,A,2661
1161,148,254014.584,A,2662
1162,103,254060.667,B,2663
1163,148,254156.234,A,2664
1164,111,254270.151,A,2665
1165,120,254729.301,B,2670
1166,140,254732.134,B,2670
1167,129,255726.017,B,2681
1168,123,255726.517,B,2681
1169,159,255741.784,B,2681
1170,152,255755.7,B,2681
1171,118,255794.7,B,2681
1172,128,255798.467,B,2681
1173,156,256819.784,A,2692
1174,111,256942.917,A,2693
1175,156,257746.617,A,2702
1176,111,257788.867,A,2702
1177,156,258362.884,A,2708
1178,140,258662.667,B,2712
1179,140,258672.534,B,2712
1180,156,258728.634,A,2712
1181,140,258776.667,B,2713
1182,140,258882.934,B,2714
1183,140,259488.717,B,2720
1184,140,259498.567,B,2721
1185,140,259600.234,B,2722
1186,128,260372.901,B,2730
1187,111,260436.051,A,2730
1188,111,261290.217,A,2740
1189,204,261631.501,B,2743
1190,1085,262769.567,A,2755
1191,140,262881.417,B,2756
1192,1086,262941.551,A,2757
1193,140,263032.784,B,2758
1194,140,263042.567,B,2758
1195,140,263065.7,B,2758
1196,128,263134.151,B,2759
1197,111,263909.534,A,2767
1198,140,264173.317,B,2770
1199,140,264183.151,B,2770
1200,140,264284.634,B,2771
1201,120,264302.617,B,2771
1202,111,264773.45,A,2776
1203,128,265081.401,B,2780
1204,118,267198.617,B,2802
1205,111,267389.95,A,2804
1206,111,268257.767,A,2813
1207,111,270877.834,A,2841
1208,111,271744.284,A,2850
1209,111,274375.534,A,2878
1210,111,274599.001,A,2880
1211,120,274796.684,B,2882
1212,140,274800.017,B,2882
1213,140,274819.901,B,2882
1214,152,274829.317,B,2883
1215,140,274829.334,B,2883
1216,123,274887.801,B,2883
1217,129,274897.917,B,2883
1218,140,275537.801,B,2890
1219,140,275547.551,B,2890
1220,111,275604.051,A,2891
1221,140,275649.017,B,2891
1222,155,275687.734,B,2892
1223,211,275726.1,B,2892
1224,211,275730.35,B,2892
1225,211,275732.35,B,2892
1226,211,275734.117,B,2892
1227,111,275740.117,A,2892
1228,111,275749.35,A,2892
1229,211,275857.1,B,2893
1230,211,275860.334,B,2893
1231,211,275862.651,B,2894
1232,155,275877.834,B,2894
1233,111,275903.35,A,2894
1234,111,278911.334,A,2926
1235,155,279483.834,B,2932
1236,1087,279517.434,A,2932
1237,1088,279562.234,A,2933
1238,111,279634.417,A,2933
1239,111,279639.084,A,2934
1240,111,279749.801,A,2935
1241,111,279753.45,A,2935
1242,211,279758.067,B,2935
1243,211,279761.184,B,2935
1244,211,279761.967,B,2935
1245,211,279763.717,B,2935
1246,111,279764.2,A,2935
1247,111,279773.334,A,2935
1248,111,279775.334,A,2935
1249,111,279779.934,A,2935
1250,211,279821.667,B,2935
1251,211,279824.717,B,2935
1252,211,279828.384,B,2936
1253,155,279831.917,B,2936
1254,159,279843.051,B,2936
1255,111,280753.934,A,2945
1256,111,281928.017,A,2958
1257,156,282045.167,A,2959
1258,156,282080.317,A,2959
1259,158,282083.834,A,2959
1260,158,282129.667,A,2960
1261,118,282138.301,B,2960
1262,128,282142.067,B,2960
1263,128,283665.234,B,2976
1264,111,284299.751,A,2983
1265,111,285287.484,A,2993
1266,118,285787.617,B,2999
1267,111,287773.251,A,3020
1268,155,287836.634,B,3020
1269,111,287839.85,A,3020
1270,111,287844.967,A,3020
1271,157,287855.501,B,3021
1272,102,287864.017,B,3021
1273,101,287864.084,B,3021
1274,157,287898.45,B,3021
1275,149,288382.617,B,3026
1276,151,288387.417,B,3026
1277,140,288393.684,B,3026
1278,149,288493.667,B,3027
1279,157,288512.684,B,3028
1280,147,288540.767,A,3028
1281,207,288540.784,A,3028
1282,207,288589.517,A,3028
1283,147,288589.534,A,3028
1284,209,288692.117,B,3029
1285,209,288701.6,B,3030
1286,209,288723.751,B,3030
1287,209,288740.134,B,3030
1288,111,288769.051,A,3030
1289,129,288841.6,B,3031
1290,123,288842.117,B,3031
1291,159,288870.184,B,3031
1292,210,288910.534,B,3032
1293,209,288930.017,B,3032
1294,209,288934.017,B,3032
1295,140,289076.484,B,3034
1296,140,289086.267,B,3034
1297,210,289112.401,B,3034
1298,140,289187.901,B,3035
1299,209,289740.584,B,3041
1300,209,289754.134,B,3041
1301,149,289923.817,B,3043
1302,118,289923.834,B,3043
1303,128,289926.334,B,3043
1304,140,290059.35,B,3044
1305,131,290229.1,B,3046
1306,131,290236.667,B,3046
1307,131,290237.167,B,3046
1308,131,290238.551,B,3046
1309,131,290240.35,B,3046
1310,131,290243.634,B,3046
1311,131,290245.35,B,3046
1312,131,290248.45,B,3046
1313,131,290249.917,B,3046
1314,131,290252.384,B,3046
1315,131,290254.367,B,3046
1316,131,290257.234,B,3046
1317,131,290258.867,B,3046
1318,131,290260.967,B,3046
1319,131,290263.2,B,3046
1320,131,290265.801,B,3046
1321,131,290267.617,B,3046
1322,131,290269.634,B,3046
1323,131,290272.134,B,3046
1324,131,290274.584,B,3046
1325,131,290276.617,B,3046
1326,131,290278.501,B,3046
1327,131,290281.167,B,3046
1328,131,290283.501,B,3046
1329,131,290285.651,B,3046
1330,131,290287.417,B,3046
1331,131,290290.284,B,3046
1332,131,290292.501,B,3046
1333,131,290294.767,B,3046
1334,131,290296.417,B,3046
1335,131,290299.317,B,3047
1336,131,290299.817,B,3047
1337,131,290347.734,B,3047
1338,131,290350.117,B,3047
1339,131,290386.001,B,3047
1340,131,290388.367,B,3047
1341,131,290422.217,B,3048
1342,131,290424.584,B,3048
1343,131,290458.284,B,3048
1344,131,290460.651,B,3048
1345,131,290494.584,B,3049
1346,131,290496.967,B,3049
1347,131,290531.367,B,3049
1348,131,290533.717,B,3049
1349,131,290568.284,B,3049
1350,131,290570.651,B,3049
1351,153,290625.651,B,3050
1352,111,290626.95,A,3050
1353,111,290638.484,A,3050
1354,111,290643.917,A,3050
1355,111,290658.167,A,3050
1356,111,290665.151,A,3050
1357,111,290752.367,A,3051
1358,111,290755.617,A,3051
1359,140,291420.6,B,3058
1360,140,291430.484,B,3059
1361,140,291532.234,B,3060
1362,1089,291594.184,A,3060
1363,1090,291707.651,A,3061
1364,211,291829.184,B,3063
1365,128,291932.317,B,3064
1366,111,291944.284,A,3064
1367,111,291948.784,A,3064
1368,111,292120.867,A,3066
1369,211,292131.684,B,3066
1370,211,292132.967,B,3066
1371,211,292136.251,B,3066
1372,211,292138.534,B,3066
1373,211,292142.084,B,3066
1374,111,292147.051,A,3066
1375,111,292150.717,A,3066
1376,156,292227.084,A,3067
1377,156,292241.401,A,3067
1378,147,292291.884,A,3068
1379,207,292291.884,A,3068
1380,118,294051.901,B,3086
1381,147,294174.067,A,3088
1382,207,294174.084,A,3088
1383,111,294179.834,A,3088
1384,111,294191.634,A,3088
1385,111,294196.85,A,3088
1386,211,294308.617,B,3089
1387,111,294356.2,A,3090
1388,111,294360.917,A,3090
1389,159,294458.501,B,3091
1390,123,294464.234,B,3091
1391,129,294474.35,B,3091
1392,140,294534.501,B,3091
1393,211,294831.217,B,3095
1394,111,294841.684,A,3095
1395,111,294850.017,A,3095
1396,211,294893.817,B,3095
1397,111,294897.867,A,3095
1398,111,294902.1,A,3095
1399,211,294959.234,B,3096
1400,211,295045.817,B,3097
1401,211,295092.484,B,3097
1402,211,295112.767,B,3098
1403,211,295121.634,B,3098
1404,140,295301.267,B,3100
1405,140,295311.134,B,3100
1406,111,295503.934,A,3102
1407,111,295704.1,A,3104
1408,111,295708.584,A,3104
1409,211,295729.284,B,3104
1410,111,295743.017,A,3104
1411,111,295747.501,A,3104
1412,111,295822.051,A,3105
1413,111,295828.417,A,3105
1414,111,295850.617,A,3105
1415,111,295853.151,A,3106
1416,211,295988.301,B,3107
1417,211,296061.801,B,3108
1418,211,296111.784,B,3108
1419,211,296192.1,B,3109
1420,211,296241.1,B,3110
1421,111,296248.034,A,3110
1422,111,296251.984,A,3110
1423,211,296283.2,B,3110
1424,211,296396.384,B,3111
1425,111,296416.117,A,3112
1426,111,296418.384,A,3112
1427,111,297123.6,A,3119
1428,111,297131.317,A,3119
1429,111,297131.634,A,3119
1430,111,297149.85,A,3119
1431,155,297159.367,B,3119
1432,111,297228.617,A,3120
1433,155,297647.784,B,3125
1434,111,297661.667,A,3125
1435,111,297664.184,A,3125
1436,1091,297669.584,A,3125
1437,129,297869.534,B,3127
1438,123,297870.051,B,3127
1439,1092,297870.784,A,3127
1440,159,297874.284,B,3127
1441,152,297885.651,B,3127
1442,111,298423.934,A,3133
1443,157,298511.95,B,3134
1444,210,298669.151,B,3135
1445,210,298670.901,B,3135
1446,210,298673.067,B,3135
1447,210,298694.801,B,3136
1448,155,298717.034,B,3136
1449,101,298729.217,B,3136
1450,102,298729.234,B,3136
1451,140,298740.901,B,3136
1452,210,298872.001,B,3138
1453,210,298875.95,B,3138
1454,210,298889.684,B,3138
1455,210,298932.95,B,3138
1456,210,298935.001,B,3138
1457,210,298995.501,B,3139
1458,210,298996.084,B,3139
1459,210,299007.7,B,3139
1460,210,299055.301,B,3140
1461,210,299475.134,B,3144
1462,210,299652.45,B,3146
1463,210,299656.217,B,3146
1464,210,299690.317,B,3146
1465,210,299772.551,B,3147
1466,210,299835.284,B,3148
1467,210,299852.7,B,3148
1468,210,300012.517,B,3150
1469,210,300016.434,B,3150
1470,210,300049.317,B,3150
1471,210,300072.617,B,3150
1472,210,300135.401,B,3151
1473,210,300153.234,B,3151
1474,210,300195.801,B,3152
1475,210,300256.667,B,3152
1476,210,300372.834,B,3154
1477,210,300376.434,B,3154
1478,210,300412.35,B,3154
1479,210,300494.251,B,3155
1480,210,300496.534,B,3155
1481,111,300605.267,A,3156
1482,111,301556.367,A,3166
1483,140,301616.284,B,3167
1484,149,301617.117,B,3167
1485,140,301626.017,B,3167
1486,101,301629.251,B,3167
1487,102,301629.284,B,3167
1488,152,301645.734,B,3167
1489,159,301655.267,B,3167
1490,1093,301655.817,B,3167
1491,140,301727.667,B,3168
1492,210,301935.367,B,3170
1493,123,302830.417,B,3180
1494,129,302840.534,B,3180
1495,129,302846.034,B,3180
1496,129,302848.817,B,3180
1497,129,302920.001,B,3181
1498,123,302923.95,B,3181
1499,129,302932.417,B,3181
1500,129,302937.85,B,3181
1501,129,302940.7,B,3181
1502,111,303804.667,A,3190
1503,111,304724.001,A,3200
1504,111,307005.817,A,3224
1505,111,307901.284,A,3234
1506,129,307955.567,B,3234
1507,123,307956.134,B,3234
1508,1094,307975.551,B,3234
1509,159,307977.234,B,3234
1510,152,307985.784,B,3234
1511,153,307987.817,B,3235
1512,102,308001.267,B,3235
1513,101,308001.284,B,3235
1514,149,308004.984,B,3235
1515,149,308061.95,B,3235
1516,111,310206.151,A,3258
1517,111,311102.917,A,3267
1518,111,313434.034,A,3292
1519,111,314319.534,A,3301
1520,111,316688.551,A,3326
1521,207,317157.767,A,3331
1522,127,317157.784,A,3331
1523,127,317176.651,A,3332
1524,207,317176.667,A,3332
1525,111,317560.401,A,3336
1526,111,319958.751,A,3361
1527,111,320826.584,A,3370
1528,111,323244.417,A,3396
1529,111,324102.634,A,3405
1530,204,324468.967,B,3409
1531,204,324573.501,B,3410
1532,204,324819.167,B,3412
1533,204,324939.467,B,3414
1534,204,325550.817,B,3420
1535,111,326554.134,A,3431
1536,111,327399.684,A,3440
1537,111,329860.517,A,3466
1538,111,330715.067,A,3475
1539,156,331906.801,A,3487
1540,156,332015.017,A,3488
1541,118,332018.784,B,3488
1542,128,332018.784,B,3488
1543,111,333146.501,A,3500
1544,111,334004.917,A,3509
1545,111,336453.267,A,3535
1546,156,336751.467,A,3538
1547,150,336780.801,B,3539
1548,149,336883.551,B,3540
1549,1095,336956.934,A,3541
1550,111,337319.284,A,3544
1551,204,337680.934,B,3548
1552,150,338118.95,B,3553
1553,149,338133.534,B,3553
1554,155,338263.334,B,3554
1555,111,338290.551,A,3555
1556,111,338302.884,A,3555
1557,156,338789.6,A,3560
1558,1096,338898.567,A,3561
1559,155,339088.417,B,3563
1560,111,339579.901,A,3568
1561,128,339631.584,B,3569
1562,128,339637.784,B,3569
1563,128,339641.734,B,3569
1564,111,340499.034,A,3578
1565,118,341755.784,B,3591
1566,111,342951.7,A,3604
1567,111,343852.6,A,3614
1568,111,346315.35,A,3640
1569,111,347180.251,A,3649
1570,111,349683.434,A,3675
1571,111,350540.117,A,3684
1572,111,353047.617,A,3711
1573,111,353901.384,A,3720
1574,111,356436.751,A,3746
1575,111,357278.85,A,3755
1576,111,359832.167,A,3782
1577,111,360663.567,A,3791
1578,111,363226.684,A,3818
1579,111,364046.35,A,3827
1580,150,364209.684,B,3829
1581,156,364261.017,A,3829
1582,156,364409.467,A,3831
1583,118,364413.284,B,3831
1584,128,364413.284,B,3831
1585,150,364491.901,B,3832
1586,155,364513.984,B,3832
1587,111,364518.867,A,3832
1588,111,364547.884,A,3832
1589,211,364729.7,B,3834
1590,211,364734.134,B,3834
1591,211,364740.45,B,3834
1592,211,364742.184,B,3834
1593,211,364770.2,B,3835
1594,211,364772.734,B,3835
1595,211,364780.084,B,3835
1596,211,364781.984,B,3835
1597,211,364783.384,B,3835
1598,111,364790.151,A,3835
1599,111,364794.284,A,3835
1600,211,364796.034,B,3835
1601,211,364800.084,B,3835
1602,111,364899.867,A,3836
1603,111,364920.267,A,3836
1604,152,364928.1,B,3836
1605,159,364940.884,B,3836
1606,123,364947.067,B,3836
1607,129,364957.217,B,3836
1608,129,364962.667,B,3837
1609,129,364965.467,B,3837
1610,128,365979.334,B,3847
1611,128,365985.151,B,3847
1612,128,365988.784,B,3847
1613,111,366045.634,A,3848
1614,204,366493.117,B,3853
1615,204,366591.45,B,3854
1616,111,366939.684,A,3858
1617,118,368097.45,B,3870
1618,111,369416.817,A,3884
1619,111,370230.1,A,3892
1620,204,370263.501,B,3893
1621,204,370496.367,B,3895
1622,129,370589.484,B,3896
1623,123,370590.301,B,3896
1624,159,370634.734,B,3897
1625,157,370652.734,B,3897
1626,111,370671.334,A,3897
1627,111,370680.551,A,3897
1628,101,370745.484,B,3898
1629,102,370745.501,B,3898
1630,101,370745.6,B,3898
1631,151,370745.6,B,3898
1632,149,370759.034,B,3898
1633,118,370761.6,B,3898
1634,128,370761.6,B,3898
1635,149,370913.717,B,3900
1636,152,371074.401,B,3901
1637,156,371136.767,A,3902
1638,156,371156.517,A,3902
1639,149,371159.834,B,3902
1640,149,371466.95,B,3905
1641,111,371504.6,A,3906
1642,111,371519.401,A,3906
1643,111,371520.084,A,3906
1644,111,371524.834,A,3906
1645,152,371767.801,B,3909
1646,159,371780.167,B,3909
1647,123,371786.717,B,3909
1648,129,371796.85,B,3909
1649,129,371802.284,B,3909
1650,129,371805.117,B,3909
1651,111,372262.717,A,3914
1652,129,372792.184,B,3920
1653,123,372792.634,B,3920
1654,159,372808.417,B,3920
1655,152,372831.301,B,3920
1656,209,372867.617,B,3920
1657,209,372880.434,B,3920
1658,153,372891.317,B,3921
1659,128,372942.467,B,3921
1660,128,372948.001,B,3921
1661,128,372952.267,B,3921
1662,147,373029.067,A,3922
1663,111,373129.984,A,3923
1664,209,373291.934,B,3925
1665,209,373304.334,B,3925
1666,111,373361.734,A,3926
1667,111,373411.85,A,3926
1668,211,373691.034,B,3929
1669,152,374144.367,B,3934
1670,159,374159.751,B,3934
1671,159,374217.401,B,3935
1672,158,374256.95,A,3935
1673,158,374324.634,A,3936
1674,152,374544.801,B,3938
1675,211,374561.7,B,3938
1676,211,374603.667,B,3939
1677,211,374679.517,B,3940
1678,211,374724.917,B,3940
1679,211,374796.167,B,3941
1680,211,374843.884,B,3941
1681,211,374914.434,B,3942
1682,211,374964.717,B,3943
1683,211,375034.051,B,3943
1684,118,375059.334,B,3944
1685,149,375080.384,B,3944
1686,211,375087.234,B,3944
1687,140,375100.134,B,3944
1688,128,375133.067,B,3944
1689,118,375133.167,B,3944
1690,211,375153.584,B,3945
1691,211,375207.184,B,3945
1692,111,375220.401,A,3945
1693,211,375271.817,B,3946
1694,211,375328.717,B,3946
1695,211,375391.434,B,3947
1696,211,375450.167,B,3948
1697,211,375515.284,B,3948
1698,211,375577.001,B,3949
1699,211,375640.034,B,3950
1700,211,375700.751,B,3950
1701,156,375708.167,A,3950
1702,158,375754.184,A,3951
1703,156,375757.384,A,3951
1704,211,375758.584,B,3951
1705,149,375769.967,B,3951
1706,211,375813.784,B,3952
1707,211,375892.617,B,3952
1708,211,375942.934,B,3953
1709,111,375958.551,A,3953
1710,111,375963.817,A,3953
1711,152,376122.6,B,3955
1712,159,376136.834,B,3955
1713,123,376144.1,B,3955
1714,129,376154.217,B,3955
1715,129,376159.684,B,3955
1716,129,376162.467,B,3955
1717,211,376180.434,B,3955
1718,111,376258.067,A,3956
1719,211,376316.667,B,3957
1720,211,376364.984,B,3957
1721,140,376366.884,B,3957
1722,140,376376.617,B,3958
1723,211,376434.884,B,3958
1724,140,376478.2,B,3959
1725,211,376486.884,B,3959
1726,211,376552.867,B,3959
1727,211,376607.684,B,3960
1728,211,376673.084,B,3961
1729,211,376727.901,B,3961
1730,211,376792.001,B,3962
1731,211,376846.901,B,3963
1732,211,376914.467,B,3963
1733,211,376971.35,B,3964
1734,211,377036.35,B,3965
1735,211,377089.867,B,3965
1736,211,377157.484,B,3966
1737,128,377232.901,B,3967
1738,128,377238.434,B,3967
1739,128,377242.684,B,3967
1740,211,377289.517,B,3967
1741,211,377385.584,B,3968
1742,211,377436.884,B,3969
1743,211,377504.784,B,3970
1744,211,377556.401,B,3970
1745,211,377622.1,B,3971
1746,211,377675.284,B,3971
1747,211,377741.334,B,3972
1748,211,377795.534,B,3973
1749,211,377860.901,B,3973
1750,211,377914.084,B,3974
1751,211,377979.434,B,3975
1752,211,378036.284,B,3975
1753,211,378103.234,B,3976
1754,211,378164.417,B,3977
1755,111,378180.267,A,3977
1756,111,378185.384,A,3977
1757,111,378543.501,A,3981
1758,127,378861.751,A,3984
1759,207,378861.751,A,3984
1760,127,378880.734,A,3984
1761,207,378880.734,A,3984
1762,118,379349.617,B,3989
1763,111,379450.467,A,3990
1764,111,379823.417,A,3994
1765,111,379827.251,A,3994
1766,111,379830.934,A,3994
1767,111,379838.634,A,3994
1768,111,379844.217,A,3994
1769,111,379850.984,A,3995
1770,155,379857.317,B,3995
1771,147,381280.751,A,4010
1772,111,381285.517,A,4010
1773,111,381290.917,A,4010
1774,111,381453.417,A,4012
1775,111,382418.767,A,4022
1776,111,384847.884,A,4048
1777,111,385725.401,A,4057
1778,111,388212.051,A,4083
1779,111,389072.45,A,4092
1780,129,389633.384,B,4098
1781,123,389633.867,B,4098
1782,159,389644.2,B,4099
1783,148,389675.251,A,4099
1784,148,389773.517,A,4100
1785,152,389788.184,B,4100
1786,147,389814.967,A,4100
1787,147,389907.667,A,4101
1788,157,389933.384,B,4102
1789,140,389958.234,B,4102
1790,111,391608.417,A,4119
1791,111,392458.834,A,4128
1792,140,393056.117,B,4135
1793,140,393064.367,B,4135
1794,156,393081.834,A,4135
1795,156,393107.6,A,4135
1796,151,393120.634,B,4135
1797,101,393122.1,B,4135
1798,102,393122.117,B,4135
1799,140,393165.6,B,4136
1800,111,395030.234,A,4155
1801,111,395860.734,A,4164
1802,156,396602.151,A,4172
1803,156,396691.501,A,4173
1804,111,398477.034,A,4192
1805,111,399298.917,A,4201
1806,111,401948.717,A,4229
1807,111,402765.251,A,4237
1808,111,405449.034,A,4266
1809,111,406252.434,A,4274
1810,111,408968.584,A,4303
1811,111,409759.001,A,4311
1812,204,410889.667,B,4323
1813,204,410988.367,B,4324
1814,204,411153.567,B,4326
1815,111,412509.734,A,4340
1816,111,413299.217,A,4348
1817,111,416011.734,A,4377
1818,111,416800.734,A,4385
1819,156,416853.584,A,4386
1820,156,416932.6,A,4387
1821,118,416937.051,B,4387
1822,128,416937.151,B,4387
1823,149,416984.1,B,4387
1824,156,417663.584,A,4395
1825,156,417775.634,A,4396
1826,150,418606.267,B,4405
1827,134,418644.301,B,4405
1828,134,418697.017,B,4406
1829,134,418727.85,B,4406
1830,134,418733.934,B,4406
1831,134,418758.867,B,4406
1832,134,418766.717,B,4406
1833,134,418813.517,B,4407
1834,134,418822.117,B,4407
1835,156,418872.6,A,4407
1836,1097,418944.084,A,4408
1837,111,419555.484,A,4415
1838,150,420087.367,B,4420
1839,132,420124.934,A,4421
1840,132,420294.167,A,4422
1841,156,420346.034,A,4423
1842,1098,420360.717,A,4423
1843,111,420366.967,A,4423
1844,149,420634.267,B,4426
1845,155,420676.95,B,4427
1846,209,420708.884,B,4427
1847,209,420715.484,B,4427
1848,111,420752.617,A,4427
1849,111,420764.284,A,4427
1850,209,420820.384,B,4428
1851,209,420822.151,B,4428
1852,209,420857.334,B,4428
1853,209,420858.967,B,4428
1854,152,420882.751,B,4429
1855,152,420936.801,B,4429
1856,153,421118.35,B,4431
1857,155,421118.817,B,4431
1858,128,422121.717,B,4442
1859,128,422127.234,B,4442
1860,128,422130.884,B,4442
1861,111,422766.284,A,4449
1862,140,422871.1,B,4450
1863,156,423265.617,A,4454
1864,140,423511.834,B,4457
1865,140,423521.667,B,4457
1866,111,423610.934,A,4458
1867,140,423623.35,B,4458
1868,118,424247.051,B,4464
1869,156,424459.967,A,4467
1870,134,424480.117,B,4467
1871,134,424531.134,B,4467
1872,134,424553.7,B,4468
1873,134,424565.967,B,4468
1874,134,424634.051,B,4468
1875,134,424639.334,B,4468
1876,134,424737.334,B,4469
1877,134,424743.267,B,4470
1878,134,424807.917,B,4470
1879,134,424820.384,B,4470
1880,134,424848.45,B,4471
1881,134,424859.001,B,4471
1882,134,424893.084,B,4471
1883,134,424901.7,B,4471
1884,134,424923.801,B,4471
1885,134,424932.384,B,4472
1886,134,424968.7,B,4472
1887,134,424977.617,B,4472
1888,134,425028.167,B,4473
1889,134,425038.534,B,4473
1890,134,425158.634,B,4474
1891,134,425167.234,B,4474
1892,140,425301.484,B,4475
1893,134,425335.434,B,4476
1894,134,425343.734,B,4476
1895,140,425412.584,B,4477
1896,140,425420.884,B,4477
1897,140,425522.551,B,4478
1898,111,426177.217,A,4485
1899,111,427019.667,A,4494
1900,204,428337.401,B,4508
1901,111,429587.934,A,4521
1902,111,430431.234,A,4530
1903,111,433030.051,A,4557
1904,111,433869.467,A,4566
1905,111,436468.217,A,4593
1906,111,437311.867,A,4602
1907,111,439973.401,A,4630
1908,127,440117.917,A,4632
1909,207,440117.917,A,4632
1910,127,440136.584,A,4632
1911,207,440136.584,A,4632
1912,111,440818.684,A,4639
1913,111,443502.567,A,4668
1914,111,444354.367,A,4677
1915,111,447025.234,A,4705
1916,111,447882.217,A,4714
1917,111,450540.867,A,4742
1918,1099,451142.217,A,4748
1919,1100,451367.334,A,4751
1920,155,451372.551,B,4751
1921,111,451381.6,A,4751
1922,111,451395.034,A,4751
1923,155,451426.584,B,4751
1924,152,451428.417,B,4751
1925,159,451440.067,B,4752
1926,123,451447.734,B,4752
1927,129,451457.867,B,4752
1928,129,451463.317,B,4752
1929,129,451466.251,B,4752
1930,111,451564.684,A,4753
1931,129,453363.234,B,4772
1932,123,453363.684,B,4772
1933,159,453378.884,B,4772
1934,152,453389.801,B,4772
1935,155,453392.35,B,4772
1936,111,453450.551,A,4773
1937,111,453454.117,A,4773
1938,157,453458.434,B,4773
1939,1101,453636.084,A,4775
1940,1102,453698.401,A,4776
1941,207,453729.167,A,4776
1942,103,453730.017,B,4776
1943,111,454042.784,A,4779
1944,152,454777.334,B,4787
1945,1103,454789.817,B,4787
1946,1104,454862.001,B,4788
1947,111,454922.567,A,4788
1948,103,455376.401,B,4793
1949,103,455389.217,B,4793
1950,1105,455657.784,B,4796
1951,1106,455663.384,B,4796
1952,147,456454.634,A,4805
1953,207,456454.651,A,4805
1954,207,456593.317,A,4806
1955,103,456594.117,B,4806
1956,103,456606.6,B,4806
1957,152,456687.95,B,4807
1958,102,456698.184,B,4807
1959,151,456698.184,B,4807
1960,101,456698.2,B,4807
1961,149,456712.801,B,4807
1962,118,456714.234,B,4807
1963,128,456714.251,B,4807
1964,1107,456875.184,B,4809
1965,158,457309.067,A,4814
1966,111,457520.167,A,4816
1967,158,458330.001,A,4824
1968,111,458374.617,A,4825
1969,149,458498.384,B,4826
1970,151,458498.401,B,4826
1971,101,458501.801,B,4826
1972,102,458501.817,B,4826
1973,157,458541.95,B,4827
1974,128,459986.251,B,4842
1975,128,459991.801,B,4842
1976,128,459995.734,B,4842
1977,111,461039.717,A,4853
1978,111,461897.817,A,4862
1979,118,462113.384,B,4864
1980,157,463289.467,B,4877
1981,147,463305.517,A,4877
1982,207,463305.534,A,4877
1983,111,463368.717,A,4878
1984,111,463379.084,A,4878
1985,209,463529.317,B,4879
1986,111,463530.85,A,4879
1987,209,463531.751,B,4879
1988,111,463536.217,A,4879
1989,149,463565.6,B,4880
1990,140,463580.467,B,4880
1991,209,463603.301,B,4880
1992,209,463604.85,B,4880
1993,149,463660.251,B,4881
1994,111,463710.85,A,4881
1995,111,463727.251,A,4882
1996,111,463916.067,A,4884
1997,140,464257.167,B,4887
1998,140,464266.817,B,4887
1999,111,464294.95,A,4888
2000,111,464301.651,A,4888
2001,111,464345.7,A,4888
2002,111,464355.567,A,4888
2003,111,464367.651,A,4888
2004,140,464368.6,B,4888
2005,111,464388.967,A,4889
2006,111,464435.551,A,4889
2007,111,464459.801,A,4889
2008,111,464464.167,A,4889
2009,111,464472.784,A,4889
2010,111,464494.934,A,4890
2011,111,464503.95,A,4890
2012,111,464523.967,A,4890
2013,111,464529.634,A,4890
2014,111,464698.584,A,4892
2015,111,464702.667,A,4892
2016,111,465206.85,A,4897
2017,111,465335.817,A,4899
2018,111,465348.617,A,4899
2019,111,465463.217,A,4900
2020,153,465467.417,B,4900
2021,111,465484.517,A,4900
2022,111,465487.467,A,4900
2023,211,465648.6,B,4902
2024,211,465651.817,B,4902
2025,211,465653.234,B,4902
2026,211,465655.001,B,4902
2027,211,465832.95,B,4904
2028,211,465836.95,B,4904
2029,211,465857.551,B,4904
2030,211,465862.884,B,4904
2031,101,465954.251,B,4905
2032,102,465954.251,B,4905
2033,111,465983.151,A,4905
2034,111,465984.767,A,4905
2035,111,465985.567,A,4905
2036,111,465990.967,A,4905
2037,111,465994.017,A,4905
2038,111,465997.534,A,4906
2039,111,466072.2,A,4906
2040,111,466078.684,A,4906
2041,108,466265.284,A,4908
2042,108,466295.751,A,4909
2043,108,466335.651,A,4909
2044,108,466401.85,A,4910
2045,108,466505.784,A,4911
2046,108,466523.651,A,4911
2047,108,466525.034,A,4911
2048,108,466525.334,A,4911
2049,108,466525.551,A,4911
2050,108,466531.634,A,4911
2051,108,466553.734,A,4911
2052,108,466560.134,A,4911
2053,111,466576.917,A,4912
2054,111,466580.384,A,4912
2055,152,466687.267,B,4913
2056,159,466701.267,B,4913
2057,123,466731.534,B,4913
2058,129,466741.651,B,4913
2059,129,466747.1,B,4913
2060,129,466749.901,B,4913
2061,111,467194.134,A,4918
2062,111,467722.167,A,4924
2063,111,467735.151,A,4924
2064,155,467738.95,B,4924
2065,155,468082.167,B,4928
2066,209,468141.384,B,4928
2067,209,468144.884,B,4928
2068,111,468209.85,A,4929
2069,111,468213.784,A,4929
2070,111,468219.6,A,4929
2071,111,468222.651,A,4929
2072,111,468332.217,A,4930
2073,111,468338.984,A,4930
2074,111,468421.7,A,4931
2075,111,468425.134,A,4931
2076,111,468425.717,A,4931
2077,111,468431.717,A,4931
2078,111,468644.1,A,4934
2079,111,469870.917,A,4947
2080,111,471945.901,A,4969
2081,111,472957.801,A,4979
2082,111,473240.867,A,4982
2083,111,473246.184,A,4983
2084,111,473258.317,A,4983
2085,111,473272.984,A,4983
2086,155,473286.417,B,4983
2087,111,474865.001,A,5000
2088,111,475091.884,A,5002
2089,111,475098.984,A,5002
2090,157,475116.017,B,5002
2091,153,475118.467,B,5002
2092,111,475996.85,A,5012
2093,158,477739.817,A,5030
2094,158,477839.334,A,5031
2095,111,478134.217,A,5034
2096,111,479099.35,A,5045
2097,129,480071.617,B,5055
2098,1108,480204.973,B,5057
2099,101,480216.506,B,5057
2100,102,480216.506,B,5057
2101,140,480238.572,B,5057
2102,140,480280.756,B,5058
2103,140,480290.539,B,5058
2104,140,480392.089,B,5059
2105,111,481204.156,A,5067
2106,111,482141.889,A,5076
2107,111,484421.039,A,5099
2108,111,485315.356,A,5108
2109,111,487643.773,A,5132
2110,111,488519.072,A,5141
2111,111,490922.289,A,5165
2112,111,491789.839,A,5174
2113,111,494308.289,A,5200
2114,111,495170.773,A,5209
2115,204,497248.939,B,5230
2116,204,497360.556,B,5231
2117,111,497707.106,A,5235
2118,204,498383.223,B,5242
2119,111,498561.989,A,5244
2120,111,501140.006,A,5271
2121,111,502008.023,A,5279
2122,207,503686.239,A,5297
2123,127,503686.256,A,5297
2124,127,503705.523,A,5297
2125,207,503705.539,A,5297
2126,111,504584.873,A,5306
2127,111,505462.456,A,5315
2128,156,506025.456,A,5321
2129,156,506137.256,A,5322
2130,149,506140.156,B,5322
2131,118,506147.822,B,5322
2132,128,506147.839,B,5322
2133,156,507923.123,A,5341
2134,111,508028.839,A,5342
2135,1109,508154.256,A,5343
2136,1110,508367.922,A,5345
2137,150,508411.723,B,5346
2138,204,508419.572,B,5346
2139,134,508517.306,B,5347
2140,134,508570.123,B,5347
2141,111,508910.089,A,5351
2142,156,509059.006,A,5352
2143,156,509075.489,A,5353
2144,158,509075.756,A,5353
2145,1111,509085.189,A,5353
2146,140,509285.906,B,5355
2147,140,509482.273,B,5357
2148,140,509491.339,B,5357
2149,158,509506.189,A,5357
2150,140,509593.506,B,5358
2151,132,509898.839,A,5361
2152,132,510037.273,A,5363
2153,1112,510057.106,A,5363
2154,156,510062.806,A,5363
2155,150,510118.506,B,5363
2156,149,510135.589,B,5364
2157,152,510171.806,B,5364
2158,152,510202.973,B,5364
2159,155,510206.572,B,5364
2160,111,510214.489,A,5364
2161,111,510240.489,A,5365
2162,111,510241.172,A,5365
2163,111,510244.973,A,5365
2164,152,510357.873,B,5366
2165,152,510428.339,B,5367
2166,155,510483.623,B,5367
2167,111,510959.839,A,5372
2168,128,511628.639,B,5379
2169,128,511634.172,B,5379
2170,128,511637.806,B,5379
2171,111,511873.672,A,5381
2172,118,513751.706,B,5401
2173,111,514423.473,A,5408
2174,111,515296.456,A,5417
2175,111,517857.056,A,5443
2176,111,518732.906,A,5452
2177,111,521303.956,A,5479
2178,111,522179.906,A,5488
2179,111,524736.406,A,5514
2180,111,525614.506,A,5523
2181,111,528169.306,A,5550
2182,111,529051.106,A,5559
2183,111,531623.006,A,5586
2184,111,532511.822,A,5595
2185,111,535050.273,A,5621
2186,111,535930.039,A,5630
2187,111,538499.473,A,5657
2188,111,539377.373,A,5666
2189,111,541539.723,A,5688
2190,111,541541.723,A,5688
2191,111,541914.056,A,5692
2192,111,542798.973,A,5701
2193,111,545359.006,A,5727
2194,111,546238.139,A,5736
2195,111,548805.273,A,5763
2196,111,549687.189,A,5772
2197,155,549926.856,B,5775
2198,157,549937.873,B,5775
2199,151,550033.006,B,5776
2200,149,550038.056,B,5776
2201,128,550039.156,B,5776
2202,118,550039.172,B,5776
2203,140,550060.339,B,5776
2204,150,550174.773,B,5777
2205,156,550195.623,A,5777
2206,1115,550205.239,A,5777
2207,101,550373.023,B,5779
2208,102,550373.039,B,5779
2209,209,550532.739,B,5781
2210,209,550537.806,B,5781
2211,1116,550543.473,A,5781
2212,156,550550.539,A,5781
2213,150,550601.322,B,5782
2214,149,550615.172,B,5782
2215,140,550958.639,B,5785
2216,140,550968.356,B,5785
2217,211,551034.789,B,5786
2218,140,551069.922,B,5786
2219,211,551079.373,B,5787
2220,211,551082.989,B,5787
2221,211,551094.922,B,5787
2222,211,551096.706,B,5787
2223,211,551523.123,B,5791
2224,211,551540.556,B,5791
2225,211,551552.656,B,5792
2226,211,551553.939,B,5792
2227,211,551555.572,B,5792
2228,211,551609.589,B,5792
2229,128,551624.389,B,5792
2230,128,551629.773,B,5792
2231,128,551633.989,B,5792
2232,211,551663.206,B,5793
2233,211,551736.006,B,5793
2234,211,551787.023,B,5794
2235,211,551853.756,B,5795
2236,211,551857.773,B,5795
2237,211,551867.689,B,5795
2238,211,551875.922,B,5795
2239,211,551884.523,B,5795
2240,211,551894.156,B,5795
2241,111,551995.006,A,5796
2242,111,551999.106,A,5796
2243,149,552077.422,B,5797
2244,140,552082.723,B,5797
2245,149,552108.456,B,5797
2246,151,552111.289,B,5797
2247,111,552149.273,A,5798
2248,211,552227.089,B,5799
2249,211,552273.789,B,5799
2250,211,552339.523,B,5800
2251,211,552391.689,B,5800
2252,211,552451.539,B,5801
2253,211,552505.389,B,5801
2254,211,552562.906,B,5802
2255,211,552616.523,B,5803
2256,211,552675.339,B,5803
2257,140,552704.023,B,5803
2258,140,552713.822,B,5804
2259,211,552733.523,B,5804
2260,211,552789.039,B,5804
2261,140,552815.273,B,5805
2262,211,552849.789,B,5805
2263,211,552905.723,B,5806
2264,211,552968.672,B,5806
2265,211,553023.289,B,5807
2266,111,553068.223,A,5807
2267,211,553083.672,B,5807
2268,211,553137.672,B,5808
2269,211,553170.989,B,5808
2270,147,553174.822,A,5808
2271,207,553174.839,A,5808
2272,211,553253.589,B,5809
2273,211,553344.806,B,5810
2274,211,553392.806,B,5811
2275,211,553464.689,B,5811
2276,211,553516.623,B,5812
2277,211,553589.089,B,5813
2278,211,553638.806,B,5813
2279,1117,553677.623,A,5814
2280,211,553709.023,B,5814
2281,1118,553715.172,A,5814
2282,118,553745.939,B,5814
2283,152,553751.356,B,5814
2284,211,553760.939,B,5814
2285,159,553771.656,B,5815
2286,159,553791.589,B,5815
2287,152,553805.889,B,5815
2288,211,553831.256,B,5815
2289,211,553884.156,B,5816
2290,211,553958.589,B,5816
2291,211,554009.606,B,5817
2292,211,554082.489,B,5818
2293,211,554136.406,B,5818
2294,211,554211.506,B,5819
2295,211,554263.489,B,5820
2296,211,554340.172,B,5820
2297,211,554389.889,B,5821
2298,207,554451.956,A,5822
2299,103,554455.889,B,5822
2300,211,554463.756,B,5822
2301,211,554513.656,B,5822
2302,207,554554.439,A,5823
2303,103,554555.806,B,5823
2304,1119,554581.289,A,5823
2305,211,554588.089,B,5823
2306,211,554637.539,B,5824
2307,211,554710.672,B,5824
2308,211,554760.973,B,5825
2309,1120,554838.239,A,5826
2310,111,554856.656,A,5826
2311,111,554866.306,A,5826
2312,111,554884.773,A,5826
2313,111,554888.456,A,5826
2314,111,554891.389,A,5826
2315,111,554898.256,A,5826
2316,111,554899.473,A,5826
2317,111,554912.989,A,5826
2318,111,554936.706,A,5827
2319,111,554939.256,A,5827
2320,111,554962.156,A,5827
2321,111,554965.006,A,5827
2322,111,554973.739,A,5827
2323,111,554976.106,A,5827
2324,111,554986.822,A,5827
2325,111,554993.239,A,5827
2326,111,555006.139,A,5827
2327,111,555037.056,A,5828
2328,111,555045.873,A,5828
2329,111,556172.973,A,5839
2330,1121,556184.239,A,5840
2331,1122,556242.989,A,5840
2332,111,556592.156,A,5844
2333,111,556597.589,A,5844
2334,152,556615.056,B,5844
2335,159,556628.856,B,5844
2336,123,556634.922,B,5844
2337,129,556645.056,B,5844
2338,111,556645.289,A,5844
2339,111,556648.623,A,5844
2340,129,556650.523,B,5844
2341,129,556653.356,B,5844
2342,111,556660.256,A,5844
2343,111,556663.822,A,5844
2344,207,557376.023,A,5852
2345,147,557376.039,A,5852
2346,155,557468.373,B,5853
2347,157,557495.572,B,5853
2348,210,557520.439,B,5853
2349,210,557533.539,B,5854
2350,210,557697.606,B,5855
2351,210,557701.489,B,5855
2352,210,557733.456,B,5856
2353,210,557758.556,B,5856
2354,210,557760.572,B,5856
2355,210,557821.006,B,5857
2356,210,557821.623,B,5857
2357,210,557835.572,B,5857
2358,210,557880.756,B,5857
2359,111,558202.139,A,5861
2360,210,558300.506,B,5862
2361,210,558477.756,B,5863
2362,210,558481.572,B,5863
2363,210,558516.689,B,5864
2364,210,558597.789,B,5865
2365,210,558660.556,B,5865
2366,210,558682.706,B,5866
2367,210,558837.773,B,5867
2368,210,558841.723,B,5867
2369,210,558874.373,B,5867
2370,210,558897.856,B,5868
2371,210,558960.639,B,5868
2372,210,558977.223,B,5869
2373,210,559020.989,B,5869
2374,210,559081.856,B,5870
2375,210,559198.006,B,5871
2376,210,559201.556,B,5871
2377,210,559236.906,B,5871
2378,111,559262.056,A,5872
2379,210,559319.456,B,5872
2380,210,559321.606,B,5872
2381,111,559566.206,A,5875
2382,111,559572.806,A,5875
2383,210,560760.406,B,5887
2384,111,561333.773,A,5893
2385,111,562174.239,A,5902
2386,111,563631.123,A,5917
2387,111,563930.456,A,5920
2388,129,564168.239,B,5922
2389,123,564168.739,B,5922
2390,159,564181.473,B,5923
2391,152,564196.906,B,5923
2392,140,564223.606,B,5923
2393,140,564227.706,B,5923
2394,156,564236.356,A,5923
2395,140,564237.206,B,5923
2396,156,564325.689,A,5924
2397,140,564339.089,B,5924
2398,140,564686.556,B,5928
2399,140,565289.023,B,5934
2400,140,565298.856,B,5934
2401,140,565400.322,B,5935
2402,111,567241.123,A,5954
2403,156,568095.139,A,5963
2404,156,568127.456,A,5963
2405,127,568759.206,A,5970
2406,207,568759.206,A,5970
2407,207,568778.756,A,5970
2408,127,568778.773,A,5970
2409,111,569069.456,A,5973
2410,111,570232.656,A,5985
2411,111,572301.289,A,6006
2412,118,572512.822,B,6009
2413,118,572888.439,B,6013
2414,111,573311.656,A,6017
2415,111,575452.789,A,6039
2416,111,576395.206,A,6049
2417,111,578653.839,A,6072
2418,111,579563.506,A,6082
2419,111,581873.839,A,6106
2420,111,582756.072,A,6115
2421,111,585102.939,A,6140
2422,111,585965.339,A,6149
2423,111,588390.389,A,6175
2424,111,589235.223,A,6184
2425,149,590370.822,B,6196
2426,118,590378.623,B,6196
2427,128,590378.889,B,6196
2428,204,590772.756,B,6200
2429,204,590841.756,B,6201
2430,156,590918.373,A,6201
2431,156,591047.873,A,6203
2432,111,591679.456,A,6209
2433,204,592447.006,B,6217
2434,111,592519.489,A,6218
2435,204,592625.289,B,6219
2436,150,592633.322,B,6219
2437,134,592672.839,B,6220
2438,134,592726.873,B,6220
2439,134,592794.206,B,6221
2440,134,592803.706,B,6221
2441,134,592834.406,B,6222
2442,134,592841.489,B,6222
2443,156,592901.789,A,6222
2444,1123,592924.172,A,6223
2445,204,594200.373,B,6236
2446,1124,594204.739,A,6236
2447,132,594216.156,A,6236
2448,132,594387.539,A,6238
2449,204,594427.973,B,6238
2450,1125,594604.723,A,6240
2451,156,594610.473,A,6240
2452,158,594787.239,A,6242
2453,158,594822.889,A,6243
2454,111,594981.739,A,6244
2455,156,594985.389,A,6244
2456,150,595021.389,B,6245
2457,149,595094.072,B,6246
2458,155,595157.006,B,6246
2459,155,595203.339,B,6247
2460,111,595810.539,A,6253
2461,1126,596451.922,A,6260
2462,1127,596594.623,A,6261
2463,156,596611.172,A,6262
2464,158,596667.373,A,6262
2465,158,596830.039,A,6264
2466,140,596868.623,B,6264
2467,140,596905.439,B,6265
2468,140,596912.873,B,6265
2469,112,596976.689,B,6265
2470,140,597015.139,B,6266
2471,111,598289.139,A,6279
2472,118,598658.739,B,6283
2473,111,599110.056,A,6288
2474,111,601596.706,A,6314
2475,111,602411.589,A,6323
2476,111,604940.023,A,6350
2477,111,605750.939,A,6358
2478,111,608324.456,A,6385
2479,111,609132.489,A,6394
2480,111,611736.239,A,6421
2481,111,612528.989,A,6430
